{
  "chats": [
    {
      "id": "741u1s7",
      "sender": "luna99",
      "receiver": "kanna04",
      "message": "vitae ipsum aliquam non mauris morbi",
      "sentAt": "2023-09-25T00:00:00Z"
    },
    {
      "id": "m4lby2k",
      "sender": "luna99",
      "receiver": "kanna04",
      "message": "erat quisque erat eros viverra eget",
      "sentAt": "2023-09-25T00:00:00Z"
    },
    {
      "id": "z07tjtb",
      "sender": "merryl49",
      "receiver": "kanna04",
      "message": "justo sit amet sapien dignissim",
      "sentAt": "2023-09-25T00:00:00Z"
    },
    {
      "id": "2c0gkb5",
      "sender": "merryl49",
      "receiver": "kanna04",
      "message": "sit amet consectetuer adipiscing elit proin",
      "sentAt": "2023-09-25T00:00:00Z"
    },
    {
      "id": "02r50b6",
      "sender": "merryl49",
      "receiver": "kanna04",
      "message": "curae mauris viverra diam vitae quam",
      "sentAt": "2023-09-25T00:00:00Z"
    },
    {
      "id": "8kp6v5h",
      "sender": "kanna04",
      "receiver": "merryl49",
      "message": "imperdiet nullam orci pede venenatis non sodales sed tincidunt",
      "sentAt": "2023-09-25T00:00:00Z"
    },
    {
      "id": "09x8523",
      "sender": "luna99",
      "receiver": "luna99",
      "message": "ultrices enim lorem ipsum dolor",
      "sentAt": "2023-09-25T00:00:00Z"
    },
    {
      "id": "54g83gw",
      "sender": "merryl49",
      "receiver": "kanna04",
      "message": "ipsum primis in faucibus orci",
      "sentAt": "2023-09-25T00:00:00Z"
    },
    {
      "id": "86ypji8",
      "sender": "luna99",
      "receiver": "merryl49",
      "message": "ante nulla justo aliquam quis turpis eget",
      "sentAt": "2023-09-25T00:00:00Z"
    },
    {
      "id": "nd27b72",
      "sender": "luna99",
      "receiver": "merryl49",
      "message": "ut erat id mauris vulputate elementum nullam varius nulla",
      "sentAt": "2023-09-25T00:00:00Z"
    },
    {
      "id": "15sv7t6",
      "sender": "kanna04",
      "receiver": "luna99",
      "message": "vulputate vitae nisl aenean lectus pellentesque eget nunc",
      "sentAt": "2023-09-25T00:00:00Z"
    }
  ]
}
